session_id,timestamp,char_class,outcome,score,enemies_defeated,total_damage,duration_sec,items_collected,level_reached,gold_earned,stage_reached,boss_kills
1778191106_2824,2026-05-07T21:58:26,Sausage Man,death,5710,43,5363,106,1,1,199,1,0
1778194706_5915,2026-05-07T22:58:26,Sausage Man,death,5330,48,20236,191,3,1,215,1,0
1778198306_8618,2026-05-07T23:58:26,Sausage Man,death,4960,32,7753,149,2,1,279,1,0
1778201906_2983,2026-05-08T00:58:26,Sausage Man,death,21290,133,25606,226,5,1,614,2,1
1778205506_2143,2026-05-08T01:58:26,Sausage Man,death,7080,34,12191,151,5,1,218,1,0
1778209106_7086,2026-05-08T02:58:26,Sausage Man,death,4940,55,10535,91,4,1,414,1,0
1778212706_2503,2026-05-08T03:58:26,Sausage Man,death,9230,85,14934,203,8,1,349,2,1
1778216306_3273,2026-05-08T04:58:26,Sausage Man,death,9350,58,7761,353,11,1,486,3,2
1778219906_9047,2026-05-08T05:58:26,Sausage Man,death,7460,53,25242,88,4,1,287,1,0
1778223506_6373,2026-05-08T06:58:26,Sausage Man,death,29900,228,82704,406,14,1,1478,4,3
1778227106_7135,2026-05-08T07:58:26,Sausage Man,death,25330,221,46433,538,15,1,2020,5,4
1778230706_1104,2026-05-08T08:58:26,Sausage Man,death,5970,27,7025,143,5,1,207,1,0
1778234306_6909,2026-05-08T09:58:26,Sausage Man,death,4620,51,7524,93,4,1,351,1,0
1778237906_2867,2026-05-08T10:58:26,Sausage Man,death,9920,69,12740,162,3,1,505,1,0
1778241506_9108,2026-05-08T11:58:26,Sausage Man,death,4800,42,26268,128,2,1,379,1,0
1778245106_6883,2026-05-08T12:58:26,Sausage Man,death,12420,124,24415,272,2,1,1251,2,1
1778248706_2970,2026-05-08T13:58:26,Sausage Man,death,15260,102,24933,601,6,1,674,4,3
1778252306_4666,2026-05-08T14:58:26,Sausage Man,death,9420,66,28564,145,2,1,337,1,0
1778255906_1751,2026-05-08T15:58:26,Sausage Man,death,6960,62,24302,122,3,1,347,1,0
1778259506_5105,2026-05-08T16:58:26,Sausage Man,death,10280,56,16921,126,5,1,457,1,0
1778263106_3234,2026-05-08T17:58:26,Sausage Man,death,25380,164,95409,558,14,1,1268,4,3
1778266706_9542,2026-05-08T18:58:26,Sausage Man,death,19360,154,55887,322,5,1,968,3,2
1778270306_2311,2026-05-08T19:58:26,Sausage Man,death,39590,256,127309,422,5,1,1735,3,2
1778273906_4066,2026-05-08T20:58:26,Sausage Man,death,21870,167,49049,299,10,1,1071,3,2
1778277506_2314,2026-05-08T21:58:26,Sausage Man,death,26550,195,82763,392,8,1,1055,4,3
1778281106_3209,2026-05-08T22:58:26,Sausage Man,death,17250,121,73245,199,2,1,662,2,1
1778284706_3378,2026-05-08T23:58:26,Sausage Man,death,28360,176,68633,456,8,1,1727,4,3
1778288306_1803,2026-05-09T00:58:26,Sausage Man,death,8700,72,53201,149,2,1,262,1,0
1778291906_9290,2026-05-09T01:58:26,Sausage Man,death,6720,51,27465,136,2,1,427,1,0
1778295506_6640,2026-05-09T02:58:26,Sausage Man,death,22140,173,61218,701,16,1,902,5,4
1778299106_2415,2026-05-09T03:58:26,Sausage Man,victory,61760,142,48978,642,7,1,1474,5,5
1778302706_3917,2026-05-09T04:58:26,Sausage Man,death,15830,103,23983,210,6,1,560,2,1
1778306306_6192,2026-05-09T05:58:26,Sausage Man,victory,62300,175,75545,579,6,1,1923,5,5
1778309906_2616,2026-05-09T06:58:26,Sausage Man,death,38680,212,188093,529,10,1,1689,5,4
1778313506_3560,2026-05-09T07:58:26,Sausage Man,death,29290,202,48558,331,3,1,1925,3,2
1778317106_6353,2026-05-09T08:58:26,Sausage Man,death,18440,166,51012,233,10,1,955,3,2
1778320706_7248,2026-05-09T09:58:26,Sausage Man,death,4310,42,19639,105,3,1,316,1,0
1778324306_6556,2026-05-09T10:58:26,Sausage Man,death,55700,370,189721,435,10,1,2970,5,4
1778327906_7910,2026-05-09T11:58:26,Sausage Man,death,5680,39,11847,186,1,1,230,1,0
1778331506_3022,2026-05-09T12:58:26,Sausage Man,death,23050,182,160646,433,3,1,1365,3,2
1778335106_3064,2026-05-09T13:58:26,Sausage Man,death,31100,195,42764,391,5,1,1626,4,3
1778338706_2612,2026-05-09T14:58:26,Sausage Man,death,11550,100,37885,229,7,1,521,2,1
1778342306_5512,2026-05-09T15:58:26,Sausage Man,death,11530,116,56398,305,5,1,766,2,1
1778345906_3553,2026-05-09T16:58:26,Sausage Man,death,20400,129,75400,523,5,1,923,4,3
1778349506_7252,2026-05-09T17:58:26,Sausage Man,death,24750,219,75899,562,4,1,1440,4,3
1778353106_7876,2026-05-09T18:58:26,Sausage Man,victory,48600,144,34045,653,16,1,954,5,5
1778356706_1223,2026-05-09T19:58:26,Sausage Man,death,23970,229,112634,508,13,1,1235,4,3
1778360306_6231,2026-05-09T20:58:26,Sausage Man,death,26050,170,113405,483,13,1,1389,4,3
1778363906_5226,2026-05-09T21:58:26,Sausage Man,death,28800,195,75220,594,12,1,2038,5,4
1778367506_7891,2026-05-09T22:58:26,Sausage Man,death,12540,61,40130,284,5,1,662,2,1
1778371106_1515,2026-05-09T23:58:26,Sausage Man,death,4490,32,28913,118,3,1,102,1,0
1778374706_8138,2026-05-10T00:58:26,Sausage Man,death,13300,140,138919,204,4,1,644,2,1
1778378306_5933,2026-05-10T01:58:26,Sausage Man,death,26880,126,102304,452,6,1,1055,5,4
1778381906_5913,2026-05-10T02:58:26,Sausage Man,death,30100,205,115101,465,9,1,1091,3,2
1778385506_6768,2026-05-10T03:58:26,Sausage Man,death,12930,123,98252,451,9,1,641,3,2
1778389106_9501,2026-05-10T04:58:26,Sausage Man,death,8500,64,32319,302,4,1,741,2,1
1778392706_5716,2026-05-10T05:58:26,Sausage Man,death,17110,109,99205,260,7,1,491,2,1
1778396306_9014,2026-05-10T06:58:26,Sausage Man,death,36300,283,257379,480,6,1,2560,4,3
1778399906_9509,2026-05-10T07:58:26,Sausage Man,death,18010,162,115420,435,5,1,1114,4,3
1778403506_3833,2026-05-10T08:58:26,Sausage Man,death,21780,208,83899,575,14,1,1092,4,3
1778426096_5474,2026-05-10T22:14:56,Sausage Man,death,0,0,0,13,0,60,1,0
1778429066_1439,2026-05-10T23:04:26,Sausage Man,abandoned,0,0,0,196,0,60,1,0
